mfcc_0,mfcc_1,mfcc_2,mfcc_3,mfcc_4,mfcc_5,mfcc_6,mfcc_7,mfcc_8,mfcc_9,mfcc_10,mfcc_11,mfcc_12,mfcc_13,mfcc_14,mfcc_15,mfcc_16,mfcc_17,mfcc_18,mfcc_19,mfcc_20,mfcc_21,mfcc_22,mfcc_23,mfcc_24,mfcc_25,mfcc_26,mfcc_27,mfcc_28,mfcc_29,mfcc_30,mfcc_31,mfcc_32,mfcc_33,mfcc_34,mfcc_35,mfcc_36,mfcc_37,mfcc_38,mfcc_39,label
-138.51641845703125,93.05659484863281,10.250276565551758,21.293432235717773,3.8761885166168213,17.242473602294922,-6.081121444702148,21.071489334106445,-3.3058712482452393,13.597257614135742,2.0214085578918457,12.862075805664062,-1.8212918043136597,3.8793392181396484,-1.100669264793396,0.7922937273979187,-3.578050136566162,4.870371341705322,1.2020277976989746,7.924884796142578,2.25262451171875,4.963720321655273,0.8215534687042236,-0.6487165689468384,-3.5621583461761475,-0.9685224294662476,-6.108684539794922,0.663228452205658,-6.396639347076416,-1.8707489967346191,-6.761016845703125,-2.682241916656494,-7.6419148445129395,-4.016359806060791,-8.98330020904541,-5.913370132446289,-5.303678035736084,-1.5810401439666748,-3.4965577125549316,0.056370582431554794,0
-375.9581604003906,27.324378967285156,-11.870631217956543,0.8245941996574402,-15.938231468200684,-1.2904534339904785,-10.912911415100098,-4.812694072723389,-15.09032154083252,-6.901820182800293,-9.520801544189453,-8.408012390136719,-5.576516628265381,-11.606639862060547,-4.684441089630127,-8.800026893615723,-11.43073844909668,-2.1430106163024902,-7.6951375007629395,-5.252784252166748,-3.1559083461761475,-0.5509570240974426,-0.31382742524147034,2.753995656967163,-0.16871380805969238,2.8654348850250244,1.1820068359375,4.225818634033203,3.590847969055176,2.2379977703094482,-0.2568306028842926,0.7818772792816162,-0.29154226183891296,0.14171260595321655,-2.480930805206299,0.2507123053073883,0.11759437620639801,0.12881231307983398,-1.9022488594055176,-2.3444597721099854,0
-339.2055969238281,36.32758331298828,-10.617997169494629,8.732193946838379,-23.424720764160156,-8.747095108032227,-17.842973709106445,-4.688818454742432,-21.380258560180664,-7.521646499633789,-10.71312427520752,-13.838969230651855,-3.899005889892578,-16.587121963500977,-4.695417881011963,-8.285337448120117,-15.22939682006836,-3.046590566635132,-10.70902156829834,-4.446312427520752,-7.912657260894775,-1.0784765481948853,-1.8490432500839233,-0.6289604306221008,-2.802689552307129,1.3279768228530884,3.2893340587615967,5.917051792144775,9.287416458129883,6.456322193145752,1.5974690914154053,0.27950775623321533,-3.618868827819824,0.8647364974021912,-1.5151817798614502,0.4845125079154968,-3.6723783016204834,-0.489228218793869,-2.462161064147949,-1.2628213167190552,0
-390.6396789550781,30.136110305786133,-25.094528198242188,-3.170032501220703,-14.203910827636719,-3.4834847450256348,-6.8305745124816895,-5.039427280426025,-11.198243141174316,-5.905358791351318,-7.562183380126953,-7.704118728637695,-4.775237560272217,-9.66332721710205,-5.3414177894592285,-7.67893648147583,-9.474122047424316,-2.6932613849639893,-6.998695373535156,-3.850050210952759,-3.885016441345215,-3.352337598800659,-1.7534511089324951,2.7075541019439697,3.629672050476074,5.264092445373535,1.3353912830352783,2.216647148132324,1.0707036256790161,1.856959581375122,1.675391674041748,2.4145920276641846,-1.9203189611434937,-0.09463980048894882,-2.0453171730041504,0.2158450335264206,0.5222437977790833,-0.46700575947761536,-2.778170108795166,-0.016886435449123383,0
-359.3720703125,29.570615768432617,-6.944572448730469,6.487911701202393,-19.383729934692383,-0.07887408882379532,-15.996476173400879,-3.767824649810791,-17.092266082763672,-10.399930000305176,-7.7909770011901855,-11.804628372192383,-6.284946918487549,-14.397509574890137,-4.735840797424316,-9.192496299743652,-13.275067329406738,-4.366876125335693,-8.070980072021484,-4.416201114654541,-2.4316654205322266,-0.3302774429321289,0.8250921964645386,5.011407375335693,2.0447535514831543,7.797858238220215,3.230057716369629,3.7853264808654785,-0.7383368015289307,-3.007187843322754,0.6525545120239258,1.7278324365615845,1.3891546726226807,0.9362770915031433,-3.214639186859131,-1.1007994413375854,-1.060861349105835,-0.8483939170837402,-3.6039164066314697,-1.3347035646438599,0
-355.32647705078125,23.795217514038086,-9.839446067810059,4.335834503173828,-15.974908828735352,0.4677247703075409,-14.925399780273438,-2.0711774826049805,-12.278263092041016,-9.591155052185059,-6.441011428833008,-8.036121368408203,-3.194425582885742,-10.957751274108887,-3.105555534362793,-5.976370811462402,-10.353971481323242,-2.9764328002929688,-7.090287685394287,-3.821047782897949,-1.9214897155761719,-0.7904883623123169,-2.625141143798828,-0.647861897945404,-3.4336321353912354,3.4714832305908203,4.756191730499268,6.923231601715088,4.182657718658447,1.0572799444198608,0.33305564522743225,-0.724524736404419,-2.2060253620147705,-0.7558308243751526,-1.4152342081069946,1.2391315698623657,-1.1710658073425293,-1.9735515117645264,-2.415971517562866,1.43399178981781,0
-338.3078308105469,24.007436752319336,-34.852752685546875,15.74245548248291,-25.439151763916016,-5.422793865203857,-17.42840003967285,-6.030072212219238,-10.590900421142578,-9.802645683288574,-6.272989273071289,-11.771308898925781,-0.7613019943237305,-10.818309783935547,-0.4031490385532379,-5.122299671173096,-6.312532424926758,0.290493905544281,-11.169631004333496,-2.8531312942504883,-4.364363193511963,-1.1841504573822021,-4.516625881195068,-2.5153956413269043,-3.324657678604126,1.5313920974731445,3.8794145584106445,5.660272121429443,3.3332602977752686,1.3887735605239868,-1.0028178691864014,0.6547703742980957,-0.7841852903366089,2.0038254261016846,-1.3831642866134644,-1.130986213684082,-3.146028995513916,-0.3871569335460663,-1.878101110458374,-0.7119369506835938,0
-419.08538818359375,33.4087028503418,-7.735574722290039,2.9908668994903564,-6.237192630767822,3.020632266998291,-12.575237274169922,-7.467525005340576,-12.998539924621582,-9.871580123901367,-12.160099029541016,-6.3262553215026855,-4.974444389343262,-12.835517883300781,-3.774972915649414,-8.930272102355957,-10.676817893981934,-1.7011830806732178,-11.964714050292969,-2.5713443756103516,-8.170236587524414,-3.9990315437316895,-5.658618450164795,1.3568094968795776,0.4029763638973236,6.014452934265137,2.832904100418091,2.688084602355957,-0.8974207043647766,0.6862606406211853,1.2416181564331055,2.961393117904663,2.6652181148529053,1.3518900871276855,-2.1704463958740234,1.1692472696304321,-0.5883412957191467,-1.4590778350830078,-3.2784812450408936,-1.1573662757873535,0
-368.548828125,17.286901473999023,-9.653687477111816,4.050036907196045,-12.362617492675781,0.9604038596153259,-19.54287338256836,4.416064262390137,-17.36860466003418,-7.2297749519348145,-7.363974571228027,-9.270820617675781,-4.720648288726807,-12.204602241516113,-3.113455057144165,-11.628345489501953,-10.467780113220215,-1.7813414335250854,-12.516923904418945,-0.7391911745071411,-0.2517178952693939,-1.1718449592590332,1.4227172136306763,1.1365326642990112,-0.7296345233917236,7.143398284912109,1.5333826541900635,4.561903476715088,0.4441149830818176,0.7471230626106262,1.2044881582260132,-0.018749281764030457,-0.9957513809204102,-2.5398247241973877,-3.4912123680114746,0.5039206743240356,-2.336228132247925,-0.3662146329879761,-2.2909059524536133,-0.7611138224601746,0
-366.5174255371094,31.38178062438965,-12.126627922058105,8.060137748718262,-19.830123901367188,-3.601909637451172,-13.817985534667969,-6.558745861053467,-12.204076766967773,-9.768966674804688,-8.853313446044922,-7.591646194458008,-6.9029717445373535,-13.24947738647461,-4.242027282714844,-12.157608985900879,-10.700153350830078,-2.1705915927886963,-9.964251518249512,-4.125524044036865,-4.19072151184082,-1.8758845329284668,2.0235326290130615,4.928666591644287,5.228745460510254,7.731119155883789,1.4951810836791992,3.3230209350585938,-1.1182746887207031,0.6343979835510254,0.6553614139556885,-0.31214362382888794,-0.4106144905090332,-0.7688630223274231,-2.3417108058929443,-1.2099443674087524,-1.5010731220245361,-0.6580520868301392,-2.7588765621185303,-1.4903830289840698,0
-190.40435791015625,88.10057830810547,-3.310608386993408,21.321701049804688,-12.529683113098145,0.804103434085846,-9.277010917663574,-5.465980052947998,-0.8630548715591431,-12.983306884765625,-3.4755499362945557,-5.12713623046875,-3.6142799854278564,-9.983654975891113,-10.199057579040527,-0.6805520057678223,-12.486261367797852,-5.238775730133057,-6.457343578338623,-7.4954938888549805,-4.975754261016846,-3.5561540126800537,-11.179801940917969,-1.7629001140594482,-10.28664493560791,-1.8856879472732544,-3.752678155899048,-5.134982109069824,-5.188451766967773,2.696756601333618,-4.41922664642334,3.553508996963501,4.246051788330078,7.20585823059082,10.801316261291504,11.505752563476562,10.17735767364502,8.125643730163574,4.685971260070801,3.7393300533294678,1
-309.20452880859375,50.498802185058594,-1.9713493585586548,6.4286017417907715,-3.6538496017456055,-7.022357940673828,-5.068943023681641,-13.145889282226562,-12.831954956054688,-13.756653785705566,-12.348690032958984,-9.359845161437988,-8.12368392944336,-5.878857135772705,-8.858490943908691,-4.310348987579346,-8.147903442382812,-4.671921730041504,-6.35822868347168,-8.07912826538086,-6.470134735107422,-4.632833003997803,-5.084521293640137,1.1961312294006348,-0.8398284912109375,2.3192906379699707,-0.37750110030174255,2.6635751724243164,1.807949423789978,7.760097503662109,3.5017027854919434,4.666605472564697,0.7606043219566345,1.05959951877594,-0.10357341915369034,-0.08666296303272247,-2.101494550704956,0.06583267450332642,-1.3991434574127197,-0.2801242172718048,1
-271.3914489746094,72.83472442626953,-0.05018216371536255,16.689720153808594,-11.600321769714355,-2.4944097995758057,-3.4566004276275635,-10.870264053344727,-14.776551246643066,-13.599308013916016,-9.416893005371094,-8.547104835510254,-9.577396392822266,-8.611980438232422,-5.850918769836426,-4.317357063293457,-4.403632640838623,-0.9565020799636841,-5.946389675140381,-7.286652565002441,-4.970601558685303,-6.297760963439941,-3.4036920070648193,-2.152496814727783,-2.86448335647583,0.9107996225357056,-2.586143732070923,-1.370245337486267,-1.5043691396713257,1.639066219329834,0.8271718621253967,2.7535881996154785,1.3307523727416992,3.0364902019500732,2.6374731063842773,3.9494237899780273,2.173377752304077,3.3412370681762695,1.6604546308517456,2.0280520915985107,1
-220.68629455566406,96.38430786132812,-8.324325561523438,22.170602798461914,-3.03051495552063,-2.0786514282226562,-21.999755859375,-4.311858177185059,-1.3039242029190063,7.4722418785095215,-10.698463439941406,-4.7206549644470215,-8.269725799560547,-1.9299190044403076,-8.340630531311035,-5.001267910003662,-3.9813764095306396,-11.251649856567383,-10.920888900756836,-7.34547758102417,-7.013455390930176,-4.286866188049316,-8.099841117858887,-2.4622058868408203,-8.000782012939453,-2.647669792175293,-5.393601894378662,-2.7966959476470947,-3.617088556289673,-5.5308027267456055,-4.293456554412842,-3.5865437984466553,-1.3199349641799927,-5.8019866943359375,-2.922738552093506,-1.5741044282913208,-5.134957313537598,0.9212677478790283,-2.3876891136169434,-0.21317048370838165,1
-276.5859375,51.37331008911133,-10.054825782775879,16.007768630981445,-10.568364143371582,-6.155725002288818,-7.34890604019165,-5.30935525894165,-5.219178676605225,-7.528756618499756,-0.29922834038734436,-6.560467720031738,-1.6583331823349,-3.922940731048584,-6.332363128662109,-0.5104620456695557,-8.488641738891602,-2.4304051399230957,-5.597612380981445,-3.5020751953125,-2.5530190467834473,3.2235260009765625,-3.405961275100708,2.4160048961639404,-2.248561143875122,2.796027421951294,2.9896721839904785,4.972286224365234,4.014957427978516,4.546905994415283,2.4509804248809814,6.279187202453613,3.2339718341827393,5.533111572265625,1.1667954921722412,3.743931531906128,1.4850600957870483,3.8867833614349365,1.798295259475708,3.364382266998291,1
-248.52838134765625,55.072837829589844,-9.76526927947998,12.870391845703125,-12.385112762451172,1.2978966236114502,-5.90653133392334,-4.561764240264893,-7.9813232421875,-5.647606372833252,-11.279458999633789,-0.18060484528541565,-6.915701866149902,-2.5337531566619873,-7.470519065856934,-6.21665096282959,-7.103778839111328,-2.9424219131469727,-8.721723556518555,-2.7615480422973633,-3.2830488681793213,-2.1836040019989014,1.2229877710342407,1.183639407157898,4.147872447967529,7.645962715148926,8.231276512145996,7.322499752044678,2.6713223457336426,5.461301803588867,2.673325300216675,1.7396131753921509,-0.5912591218948364,0.8776483535766602,-1.0724130868911743,1.3187284469604492,-0.49657028913497925,0.43134936690330505,-2.483736991882324,-0.003240849357098341,1
-241.65087890625,22.87078857421875,-23.641761779785156,2.1926662921905518,-25.690393447875977,4.219970226287842,-25.89911460876465,-4.033697128295898,-13.08571720123291,-7.16093635559082,-6.808623790740967,-0.6047384142875671,-10.050383567810059,0.028725389391183853,-6.772489547729492,0.05491175875067711,-2.865051507949829,1.880159616470337,3.212057113647461,10.229336738586426,10.795750617980957,13.769571304321289,6.1449151039123535,0.5231661796569824,-3.7684125900268555,-2.6226940155029297,0.5794533491134644,-0.5876551270484924,-4.035788536071777,-0.9379358291625977,-1.7383025884628296,2.371673107147217,-3.918640613555908,-0.8258953094482422,-1.497717261314392,1.3310881853103638,-4.075488567352295,-0.7987014651298523,0.6910594701766968,4.412220478057861,1
-242.1297607421875,22.88161277770996,-23.766395568847656,2.211827039718628,-25.714445114135742,4.296177864074707,-25.973329544067383,-3.9543728828430176,-13.04963207244873,-7.190225601196289,-6.758492469787598,-0.5708795785903931,-9.965368270874023,0.024716541171073914,-6.708996772766113,0.1356057971715927,-2.868027448654175,1.899345874786377,3.15887713432312,10.30744457244873,10.8496732711792,13.851606369018555,6.143665313720703,0.5202051401138306,-3.879117012023926,-2.6740427017211914,0.48978590965270996,-0.570706844329834,-4.027551174163818,-0.9307951331138611,-1.8353723287582397,2.405277729034424,-3.9470815658569336,-0.8522567749023438,-1.5980802774429321,1.34809410572052,-4.109513759613037,-0.8818472027778625,0.7463874816894531,4.435276985168457,1
